file,upload_gui_time,stats_time,scatter_plot_time,magnitude_plot_time,row_scaled_heatmap_time,total_time
30n20b8.mps,0.09569334983825684,0.0014123916625976562,0.053704261779785156,1.16990327835083,,1.4078736305236816
50v-10.mps,0.010161399841308594,0.00013113021850585938,0.0012955665588378906,0.07042837142944336,0.025545835494995117,0.11432790756225586
academictimetablesmall.mps,0.28100156784057617,0.00032210350036621094,0.08297252655029297,1.3061778545379639,,1.8671247959136963
air05.mps,0.030261993408203125,0.000179290771484375,0.0167083740234375,1.2220025062561035,0.036572933197021484,1.353832721710205
app1-1.mps,0.021051645278930664,0.0001456737518310547,0.0053293704986572266,0.42554473876953125,,0.5322716236114502
app1-2.mps,0.1700575351715088,0.0004367828369140625,0.05843186378479004,1.2330269813537598,,1.6128785610198975
assign1-5-8.mps,0.047394752502441406,0.00014066696166992188,0.0017077922821044922,0.11352896690368652,0.00725865364074707,0.1726970672607422
atlanta-ip.mps,0.2189640998840332,0.0002651214599609375,0.08520197868347168,1.5465636253356934,,2.0921313762664795
b1c1s1.mps,0.05865287780761719,0.0003311634063720703,0.009924650192260742,0.30637073516845703,,0.40245842933654785
bab2.mps,1.734356164932251,0.0003714561462402344,0.6604275703430176,1.858227014541626,,5.999875783920288
bab6.mps,0.9921371936798096,0.0005397796630859375,0.4083058834075928,1.6401519775390625,,4.243195056915283
beasleyC3.mps,0.08643317222595215,0.0002281665802001953,0.004878044128417969,0.16102886199951172,0.06381750106811523,0.32874488830566406
binkar10_1.mps,0.06733846664428711,0.0002880096435546875,0.004452705383300781,0.11479473114013672,0.03198385238647461,0.23465967178344727
blp-ar98.mps,0.21278023719787598,0.0001811981201171875,0.06935548782348633,1.3864989280700684,,1.8413574695587158
blp-ic98.mps,0.18585896492004395,0.0001552104949951172,0.05662274360656738,1.6594936847686768,0.10362577438354492,2.2999162673950195
bnatt400.mps,0.06073641777038574,0.00021076202392578125,0.007309675216674805,0.6100046634674072,,0.7067298889160156
bnatt500.mps,0.08916449546813965,0.0004572868347167969,0.008759737014770508,0.7021546363830566,,0.8199667930603027
bppc4-08.mps,0.06834554672241211,0.0004818439483642578,0.018221378326416016,0.6797609329223633,0.006875514984130859,0.8042364120483398
brazil3.mps,0.18432831764221191,0.00021958351135253906,0.06701207160949707,1.4036407470703125,,1.786550521850586
buildingenergy.mps,0.7631969451904297,0.0028078556060791016,0.26639747619628906,1.57850980758667,,3.5417404174804688
cbs-cta.mps,0.12504243850708008,0.0002675056457519531,0.033260345458984375,1.3451595306396484,,1.59293794631958
chromaticindex1024-7.mps,0.41852617263793945,0.0004565715789794922,0.08153676986694336,1.3340599536895752,,2.2020230293273926
chromaticindex512-7.mps,0.19358038902282715,0.0003306865692138672,0.045127153396606445,1.4210832118988037,,1.8124618530273438
cmflsp50-24-8-8.mps,0.2227935791015625,0.00016164779663085938,0.047614097595214844,1.3286869525909424,,1.8850009441375732
CMS750_4.mps,0.09859585762023926,0.00024890899658203125,0.013460874557495117,1.4372601509094238,,1.5943224430084229
co-100.mps,1.1529242992401123,0.00029206275939941406,0.7001323699951172,2.1323776245117188,,5.413480758666992
cod105.mps,0.08074784278869629,0.00019741058349609375,0.0181119441986084,1.3764784336090088,0.02379441261291504,1.5358052253723145
comp07-2idx.mps,0.2780606746673584,0.00028514862060546875,0.023980140686035156,1.5448942184448242,,2.0672554969787598
comp21-2idx.mps,0.11757826805114746,0.00023627281188964844,0.016847848892211914,1.5239429473876953,,1.7142970561981201
cost266-UUE.mps,0.06334567070007324,0.0002694129943847656,0.009171247482299805,0.3133370876312256,0.07397723197937012,0.49402737617492676
cryptanalysiskb128n5obj14.mps,0.3351473808288574,0.0007162094116210938,0.08536887168884277,1.4174399375915527,,2.1428725719451904
cryptanalysiskb128n5obj16.mps,0.3251528739929199,0.0007092952728271484,0.08828234672546387,1.5126473903656006,,2.1821274757385254
csched007.mps,0.059569358825683594,0.0003600120544433594,0.005758523941040039,0.2146008014678955,0.012820243835449219,0.31058287620544434
csched008.mps,0.13437223434448242,0.0002589225769042969,0.004766702651977539,0.21622300148010254,0.017052888870239258,0.3832850456237793
cvs16r128-89.mps,0.056693315505981445,0.00026869773864746094,0.007758140563964844,0.3753042221069336,,0.47802138328552246
dano3_3.mps,0.07689380645751953,0.0004050731658935547,0.03202962875366211,1.3973770141601562,,1.6086196899414062
dano3_5.mps,0.09383869171142578,0.00017118453979492188,0.023909568786621094,1.191572666168213,,1.4139704704284668
decomp2.mps,0.0933074951171875,0.00019288063049316406,0.0175473690032959,1.2034275531768799,,1.3791074752807617
drayage-100-23.mps,0.08112716674804688,0.0002601146697998047,0.0131072998046875,0.9960930347442627,,1.1375987529754639
drayage-25-23.mps,0.07479190826416016,0.0001595020294189453,0.011569976806640625,1.2134203910827637,,1.3485538959503174
dws008-01.mps,0.09861969947814941,0.0001780986785888672,0.01567530632019043,1.4296252727508545,,1.6607980728149414
eil33-2.mps,0.07866811752319336,0.0002837181091308594,0.026648759841918945,1.5886585712432861,0.006412506103515625,1.7761938571929932
eilA101-2.mps,0.4193532466888428,0.0002434253692626953,0.2788236141204834,1.3756451606750488,0.10741090774536133,2.8503360748291016
enlight_hard.mps,0.038015127182006836,0.0001761913299560547,0.0009922981262207031,0.02497386932373047,0.014759540557861328,0.08084392547607422
ex10.mps,0.9730358123779297,0.0006425380706787109,0.4058990478515625,1.7109827995300293,,3.825779438018799
ex9.mps,0.4432246685028076,0.00045418739318847656,0.17481136322021484,1.5486335754394531,,2.514173984527588
exp-1-500-5-5.mps,0.042598724365234375,0.00029158592224121094,0.0025243759155273438,0.08217382431030273,0.013686656951904297,0.14833831787109375
fast0507.mps,0.2516968250274658,0.00025177001953125,0.11028242111206055,1.3111169338226318,,2.018381118774414
fastxgemm-n2r6s0t2.mps,0.06750249862670898,0.00035691261291503906,0.012512683868408203,0.5405149459838867,0.08530116081237793,0.7347545623779297
fhnw-binpack4-4.mps,0.044219255447387695,0.0002574920654296875,0.0025866031646728516,0.08789682388305664,0.020745515823364258,0.1638474464416504
fhnw-binpack4-48.mps,0.06223464012145996,0.0003459453582763672,0.011503219604492188,0.5163133144378662,,0.6159250736236572
fiball.mps,0.15037131309509277,0.0001404285430908203,0.04272055625915527,1.512202262878418,,1.845628023147583
gen-ip002.mps,0.04230761528015137,0.00025534629821777344,0.001615285873413086,0.045701026916503906,0.004563808441162109,0.0962672233581543
gen-ip054.mps,0.03802967071533203,0.00033354759216308594,0.0015988349914550781,0.03825879096984863,0.009255647659301758,0.09055781364440918
germanrr.mps,0.13411331176757812,0.00021195411682128906,0.08858132362365723,1.5396802425384521,,1.8753430843353271
gfd-schedulen180f7d50m30k18.mps,1.4651620388031006,0.004790544509887695,0.41231799125671387,1.633741855621338,,4.812547445297241
glass-sc.mps,0.11583399772644043,0.0003139972686767578,0.03166675567626953,1.8064217567443848,0.05215954780578613,2.0664432048797607
glass4.mps,0.04117274284362793,0.00021648406982421875,0.0018358230590820312,0.07940483093261719,0.00929570198059082,0.13536477088928223
gmu-35-40.mps,0.05019044876098633,0.00020122528076171875,0.003200054168701172,0.11680173873901367,0.013219356536865234,0.19260025024414062
gmu-35-50.mps,0.03257417678833008,0.00012803077697753906,0.002953052520751953,0.20313096046447754,0.014486312866210938,0.2659580707550049
graph20-20-1rand.mps,0.05981922149658203,0.00022077560424804688,0.008919954299926758,0.6592814922332764,,0.7596497535705566
graphdraw-domain.mps,0.03565049171447754,0.0002377033233642578,0.00422215461730957,0.14005517959594727,0.011589765548706055,0.19900894165039062
h80x6320d.mps,0.05746293067932129,0.00017404556274414062,0.009029626846313477,0.9638726711273193,,1.0885369777679443
highschool1-aigio.mps,1.761296272277832,0.0006954669952392578,0.44963979721069336,2.1237549781799316,,6.197260618209839
hypothyroid-k1.mps,0.26189136505126953,0.0002346038818359375,0.14359617233276367,1.8058700561523438,,2.454864740371704
ic97_potential.mps,0.021434307098388672,0.0001430511474609375,0.0017213821411132812,0.11303925514221191,0.02031540870666504,0.16023540496826172
icir97_tension.mps,0.054962873458862305,0.0003006458282470703,0.0075299739837646484,0.7492918968200684,0.047319650650024414,0.8804359436035156
irish-electricity.mps,0.5517578125,0.0006341934204101562,0.16237974166870117,1.872344732284546,,3.8893637657165527
irp.mps,0.1593916416168213,0.0002117156982421875,0.03111863136291504,1.5484988689422607,0.02141714096069336,1.8581061363220215
istanbul-no-cutoff.mps,0.15370869636535645,0.0002658367156982422,0.03134775161743164,1.5733859539031982,,1.81449556350708
k1mushroom.mps,0.9763929843902588,0.00035309791564941406,0.5815093517303467,2.12337589263916,,4.615486145019531
lectsched-5-obj.mps,0.28685593605041504,0.00032806396484375,0.06941771507263184,1.7665598392486572,,2.299994468688965
leo1.mps,0.1636359691619873,0.00023865699768066406,0.05450940132141113,1.5660722255706787,0.04897189140319824,1.9114632606506348
leo2.mps,0.23339033126831055,0.00017023086547851562,0.06175422668457031,2.0459671020507812,0.07841086387634277,2.5557005405426025
lotsize.mps,0.059436798095703125,0.00029015541076660156,0.005177497863769531,0.2653188705444336,0.1024477481842041,0.46420884132385254
mad.mps,0.04931306838989258,0.0003306865692138672,0.004622459411621094,0.10753560066223145,0.013796567916870117,0.18119287490844727
map10.mps,1.0715198516845703,0.002943754196166992,0.16179418563842773,1.6850285530090332,,3.667363405227661
map16715-04.mps,0.9216880798339844,0.003160238265991211,0.15922975540161133,1.744849443435669,,3.9639339447021484
markshare2.mps,0.033422231674194336,0.0001926422119140625,0.0010461807250976562,0.02878570556640625,0.010752677917480469,0.07536745071411133
markshare_4_0.mps,0.026285409927368164,0.00026226043701171875,0.0010685920715332031,0.011985301971435547,0.015003204345703125,0.05679774284362793
mas74.mps,0.035523414611816406,0.00033855438232421875,0.002841949462890625,0.09882187843322754,0.00439763069152832,0.1480727195739746
mas76.mps,0.0214383602142334,0.0002167224884033203,0.0016744136810302734,0.07303833961486816,0.004308938980102539,0.10481762886047363
mc11.mps,0.049198150634765625,0.00021958351135253906,0.004261970520019531,0.19756507873535156,0.08147048950195312,0.3494884967803955
mcsched.mps,0.09045767784118652,0.00032210350036621094,0.008073568344116211,0.27569007873535156,0.05679035186767578,0.4521622657775879
mik-250-20-75-4.mps,0.08434891700744629,0.00021386146545410156,0.005807161331176758,0.361675500869751,0.010678529739379883,0.47370409965515137
milo-v12-6-r2-40-1.mps,0.05773615837097168,0.0005695819854736328,0.011420249938964844,0.469759464263916,,0.5740091800689697
momentum1.mps,0.14972138404846191,0.0005781650543212891,0.038300275802612305,1.629457712173462,,1.9221644401550293
mushroom-best.mps,0.16573405265808105,0.0001938343048095703,0.05351662635803223,1.541844367980957,,1.8635029792785645
mzzv11.mps,0.14379119873046875,0.00021529197692871094,0.06340646743774414,1.809568166732788,,2.153069019317627
mzzv42z.mps,0.12230038642883301,0.00022339820861816406,0.04534602165222168,1.7024266719818115,,2.000706434249878
n2seq36q.mps,0.2509009838104248,0.00018548965454101562,0.050119638442993164,1.7865862846374512,,2.250473737716675
n3div36.mps,0.3904092311859131,0.00020360946655273438,0.09811711311340332,1.8683862686157227,,2.5875706672668457
n5-3.mps,0.06666088104248047,0.00013589859008789062,0.003196239471435547,0.28272104263305664,0.038787126541137695,0.40549159049987793
neos-1122047.mps,0.16136765480041504,0.0003790855407714844,0.04717302322387695,1.828153133392334,,2.155148983001709
neos-1171448.mps,0.13552355766296387,0.00023126602172851562,0.03640890121459961,1.592811107635498,,1.8428833484649658
neos-1171737.mps,0.0469059944152832,0.000194549560546875,0.016306638717651367,1.584054946899414,0.1985480785369873,1.880760908126831
neos-1354092.mps,0.12851738929748535,0.00018453598022460938,0.052669525146484375,1.6530635356903076,,1.962355613708496
neos-1445765.mps,0.09979581832885742,0.00015163421630859375,0.011133909225463867,1.3936371803283691,,1.5659589767456055
neos-1456979.mps,0.07259249687194824,0.00017118453979492188,0.01628708839416504,1.1606640815734863,,1.2803287506103516
neos-1582420.mps,0.0605623722076416,0.0002498626708984375,0.007236480712890625,0.9002852439880371,,1.0023720264434814
neos-2075418-temuka.mps,3.747087240219116,0.003963470458984375,2.465665102005005,4.036816835403442,,14.668104887008667
neos-2657525-crna.mps,0.0602569580078125,0.0002932548522949219,0.002155303955078125,0.09252715110778809,0.03620338439941406,0.2007756233215332
neos-2746589-doon.mps,0.27535319328308105,0.0006511211395263672,0.09048914909362793,1.8330211639404297,,2.7664318084716797
neos-2978193-inde.mps,0.12082862854003906,0.0001239776611328125,0.011636018753051758,1.3911631107330322,0.10695409774780273,1.7202093601226807
neos-2987310-joes.mps,0.4223003387451172,0.000400543212890625,0.19450950622558594,1.8336670398712158,,2.8517448902130127
neos-3004026-krka.mps,0.11288118362426758,0.00018835067749023438,0.011580705642700195,1.5238635540008545,,1.7235679626464844
neos-3024952-loue.mps,0.08388423919677734,0.00013208389282226562,0.0049936771392822266,0.5556573867797852,,0.7784385681152344
neos-3046615-murg.mps,0.04172396659851074,0.0001697540283203125,0.0011594295501708984,0.044347286224365234,0.009001970291137695,0.09878706932067871
neos-3083819-nubu.mps,0.05171322822570801,0.0002810955047607422,0.008611917495727539,0.6856875419616699,,0.8063676357269287
neos-3216931-puriri.mps,0.08207011222839355,0.00016379356384277344,0.025182008743286133,1.4660260677337646,,1.6283519268035889
neos-3381206-awhea.mps,0.0391538143157959,0.00017118453979492188,0.0016617774963378906,0.12000894546508789,0.02109384536743164,0.18796086311340332
neos-3402294-bobin.mps,1.6803083419799805,0.0059206485748291016,0.7629969120025635,2.469083786010742,,6.2792768478393555
neos-3402454-bohle.mps,10.54943585395813,0.03222537040710449,3.0050041675567627,5.124453783035278,,24.914940118789673
neos-3555904-turama.mps,0.9651415348052979,0.006087064743041992,0.3204491138458252,2.2103078365325928,,4.346455335617065
neos-3627168-kasai.mps,0.0765848159790039,0.0003788471221923828,0.005614519119262695,0.26660847663879395,0.0780797004699707,0.44104909896850586
neos-3656078-kumeu.mps,0.07775330543518066,0.00022864341735839844,0.01714301109313965,1.7735018730163574,,1.946596622467041
neos-3754480-nidda.mps,0.020653247833251953,0.0001418590545654297,0.0009963512420654297,0.0642540454864502,0.013263940811157227,0.10089373588562012
neos-3988577-wolgan.mps,0.19874048233032227,0.0004200935363769531,0.12556195259094238,1.9426372051239014,,2.533768653869629
neos-4300652-rahue.mps,0.2570528984069824,0.0005040168762207031,0.04943966865539551,1.7436959743499756,,2.252469539642334
neos-4338804-snowy.mps,0.10988950729370117,0.0007436275482177734,0.008940696716308594,0.24080419540405273,0.04269266128540039,0.418590784072876
neos-4387871-tavua.mps,0.039560794830322266,0.0006821155548095703,0.013343334197998047,0.9272623062133789,,1.004530668258667
neos-4413714-turia.mps,0.5785653591156006,0.0003211498260498047,0.2250363826751709,2.0179851055145264,,4.906328916549683
neos-4532248-waihi.mps,0.481173038482666,0.0013759136199951172,0.14831972122192383,1.6245160102844238,,2.7217586040496826
neos-4647030-tutaki.mps,3.7030751705169678,0.00034618377685546875,1.4129679203033447,3.1736207008361816,,11.479641914367676
neos-4722843-widden.mps,0.612910270690918,0.0008089542388916016,0.31450462341308594,1.9536986351013184,,3.3794870376586914
neos-4738912-atrato.mps,0.051484107971191406,0.0001380443572998047,0.0059719085693359375,0.5463104248046875,,0.8227648735046387
neos-4763324-toguru.mps,0.3211395740509033,0.000827789306640625,0.07542157173156738,1.7399585247039795,,2.406574249267578
neos-4954672-berkel.mps,0.06480288505554199,0.0005879402160644531,0.007260322570800781,0.37306833267211914,0.10196447372436523,0.5664136409759521
neos-5049753-cuanza.mps,1.6606802940368652,0.0035779476165771484,0.399730920791626,2.0131711959838867,,5.8286309242248535
neos-5052403-cygnet.mps,3.296722412109375,0.0007214546203613281,1.6308119297027588,3.2036383152008057,,10.573767185211182
neos-5093327-huahum.mps,0.5335044860839844,0.00047016143798828125,0.2403266429901123,2.1406586170196533,,3.5466983318328857
neos-5104907-jarama.mps,1.6652371883392334,0.00503230094909668,1.0264999866485596,2.589282512664795,,7.634929180145264
neos-5107597-kakapo.mps,0.07176733016967773,0.0002071857452392578,0.007513284683227539,0.7659528255462646,,0.8821456432342529
neos-5114902-kasavu.mps,11.515156984329224,0.02644491195678711,3.964498519897461,9.077156066894531,,39.49652647972107
neos-5188808-nattai.mps,0.23945045471191406,0.0008194446563720703,0.11760473251342773,3.135657548904419,,3.7407288551330566
neos-5195221-niemur.mps,0.2621183395385742,0.002654552459716797,0.15103459358215332,3.363555431365967,,4.009098291397095
neos-631710.mps,1.475886344909668,0.00234222412109375,0.7122693061828613,3.2491509914398193,,7.2625439167022705
neos-662469.mps,0.24044561386108398,0.0002696514129638672,0.16857552528381348,3.044978618621826,,3.6903605461120605
neos-787933.mps,0.6337122917175293,0.0004608631134033203,0.2535216808319092,3.0060977935791016,,5.746450901031494
neos-827175.mps,0.20307707786560059,0.00035309791564941406,0.0930330753326416,3.026611566543579,,3.5466976165771484
neos-848589.mps,1.7551460266113281,0.003462076187133789,0.9339613914489746,3.3242621421813965,,9.300665855407715
neos-860300.mps,0.3450918197631836,0.0007412433624267578,0.34110355377197266,3.144111156463623,0.26045846939086914,4.460713624954224
neos-873061.mps,0.7857015132904053,0.0013179779052734375,0.3276839256286621,3.0287742614746094,,5.3792150020599365
neos-911970.mps,0.04354047775268555,0.0005190372467041016,0.0049593448638916016,0.19815850257873535,0.01595139503479004,1.2934706211090088
neos-933966.mps,0.2857348918914795,0.0003476142883300781,0.15440726280212402,3.0606369972229004,,3.817692756652832
neos-950242.mps,0.19336342811584473,0.00047969818115234375,0.08897948265075684,2.9834301471710205,,3.3846001625061035
neos-957323.mps,0.562058687210083,0.0007014274597167969,0.43671202659606934,3.300813913345337,,5.047557353973389
neos-960392.mps,0.3481886386871338,0.0005688667297363281,0.2105269432067871,3.2652711868286133,,4.637858867645264
neos17.mps,0.05098390579223633,0.0002288818359375,0.0068514347076416016,0.28554773330688477,0.024994373321533203,0.37657666206359863
neos5.mps,0.02788853645324707,0.0003666877746582031,0.004519939422607422,0.16264605522155762,0.019018173217773438,0.21870923042297363
neos8.mps,0.44025254249572754,0.0010814666748046875,0.3466970920562744,3.2507691383361816,,4.518712520599365
neos859080.mps,0.012161731719970703,0.001622915267944336,0.004621744155883789,0.1164865493774414,0.011873722076416016,0.15159821510314941
net12.mps,0.13700556755065918,0.0004382133483886719,0.06951069831848145,3.0485360622406006,,3.398090362548828
netdiversion.mps,1.078932285308838,0.0015230178833007812,0.5301640033721924,3.1462087631225586,,6.232755899429321
nexp-150-20-8-5.mps,0.11255192756652832,0.0002512931823730469,0.03646659851074219,2.4748334884643555,,2.7485671043395996
ns1116954.mps,0.6272437572479248,0.0017735958099365234,0.34957385063171387,3.1929805278778076,,4.718300819396973
ns1208400.mps,0.11931204795837402,0.0002739429473876953,0.07799983024597168,3.038093090057373,,3.3376810550689697
ns1644855.mps,1.799515724182129,0.0010616779327392578,1.8050720691680908,3.644810676574707,,9.273924112319946
ns1760995.mps,2.846482753753662,0.008729696273803711,1.576601266860962,3.5640594959259033,,9.879828691482544
ns1830653.mps,0.10028576850891113,0.00034236907958984375,0.08574819564819336,2.990515947341919,0.12406802177429199,3.4208974838256836
ns1952667.mps,0.31329774856567383,0.0004527568817138672,0.2891559600830078,3.13031005859375,0.02245616912841797,4.117659091949463
nu25-pr12.mps,0.08368611335754395,0.0002512931823730469,0.015359878540039062,1.0940182209014893,,1.251737356185913
nursesched-medium-hint03.mps,1.0057134628295898,0.0009899139404296875,0.570636510848999,3.1465578079223633,,5.445751190185547
nursesched-sprint02.mps,0.31565403938293457,0.0003025531768798828,0.19102144241333008,3.41252064704895,,4.156563997268677
nw04.mps,0.5948667526245117,0.0007359981536865234,0.6068065166473389,3.481022596359253,0.06065487861633301,6.073090553283691
opm2-z10-s4.mps,0.7186870574951172,0.002319812774658203,0.4427475929260254,3.3637502193450928,,5.125898599624634
p200x1188c.mps,0.04514789581298828,0.00022220611572265625,0.004775285720825195,0.27387046813964844,0.12105393409729004,0.6765384674072266
peg-solitaire-a3.mps,0.1028292179107666,0.00026702880859375,0.027764558792114258,1.7156827449798584,,1.9148705005645752
pg.mps,0.05165886878967285,0.0004062652587890625,0.011196613311767578,0.30574512481689453,0.015762805938720703,0.40859222412109375
pg5_34.mps,0.0492250919342041,0.0003504753112792969,0.01372981071472168,0.45345258712768555,0.02258443832397461,0.5626323223114014
physiciansched3-3.mps,1.7089197635650635,0.003940582275390625,0.9064540863037109,3.408229351043701,,7.6772825717926025
physiciansched6-2.mps,1.2273924350738525,0.0023403167724609375,0.4173717498779297,3.704913377761841,,11.261175870895386
piperout-08.mps,0.13741779327392578,0.0003209114074707031,0.04254508018493652,2.735013008117676,,3.00793719291687
piperout-27.mps,0.17029047012329102,0.0003509521484375,0.04680633544921875,3.050201177597046,,3.3534767627716064
pk1.mps,0.03967761993408203,0.000881195068359375,0.0037403106689453125,0.08079719543457031,0.008762598037719727,0.1363506317138672
proteindesign121hz512p9.mps,0.7967400550842285,0.0009715557098388672,0.5480718612670898,3.1066715717315674,,5.634846448898315
proteindesign122trx11p8.mps,0.7280993461608887,0.0007643699645996094,0.500420331954956,3.4187023639678955,,5.628942251205444
qap10.mps,0.07697939872741699,0.0002841949462890625,0.01790761947631836,1.1810572147369385,0.1422877311706543,1.4687578678131104
radiationm18-12-05.mps,0.2779090404510498,0.0005362033843994141,0.08123993873596191,2.9733834266662598,,3.604292631149292
radiationm40-10-02.mps,1.1146736145019531,0.0023860931396484375,0.35148048400878906,3.062803268432617,,5.930887460708618
rail01.mps,0.6602110862731934,0.001348257064819336,0.3949441909790039,3.2332684993743896,,5.128096103668213
rail02.mps,1.3355107307434082,0.0010905265808105469,0.6496174335479736,3.1675591468811035,,7.423540830612183
rail507.mps,0.5523107051849365,0.0005717277526855469,0.40192151069641113,3.088022470474243,,4.732774496078491
ran14x18-disj-8.mps,0.05193471908569336,0.0008058547973632812,0.028296470642089844,0.6124160289764404,0.028132915496826172,0.7479097843170166
rd-rplusc-21.mps,0.8537032604217529,0.0020868778228759766,0.7367703914642334,3.1994473934173584,,5.626248598098755
reblock115.mps,0.04010772705078125,0.0004603862762451172,0.023812055587768555,0.8903656005859375,0.1743755340576172,1.1506197452545166
rmatr100-p10.mps,0.10361218452453613,0.00026106834411621094,0.018959522247314453,1.2951550483703613,,1.478238821029663
rmatr200-p5.mps,0.28226637840270996,0.0005025863647460938,0.09637999534606934,2.9780590534210205,,3.608306646347046
rocI-4-11.mps,0.11185717582702637,0.0002830028533935547,0.02364349365234375,1.6287286281585693,,1.8275902271270752
rocII-5-11.mps,0.42444801330566406,0.0005939006805419922,0.25822973251342773,3.178366184234619,,4.171277284622192
rococoB10-011000.mps,0.09101295471191406,0.0002727508544921875,0.017555713653564453,0.9959797859191895,0.15621542930603027,1.301421880722046
rococoC10-001000.mps,0.06605243682861328,0.0004162788391113281,0.014259576797485352,0.6958026885986328,0.09477567672729492,0.919752836227417
roi2alpha3n4.mps,0.9259991645812988,0.0005359649658203125,0.7507798671722412,3.1704046726226807,0.17208552360534668,5.883960485458374
roi5alpha10n8.mps,2.5533859729766846,0.0004112720489501953,2.066335439682007,3.6799862384796143,,11.172954559326172
roll3000.mps,0.07200145721435547,0.0004055500030517578,0.028790712356567383,1.9718661308288574,0.0885934829711914,2.201859951019287
s100.mps,3.2244627475738525,0.0004851818084716797,1.5919995307922363,3.542961359024048,,11.885101079940796
s250r10.mps,2.341158390045166,0.0007517337799072266,1.1256835460662842,3.4048285484313965,,9.426082849502563
satellites2-40.mps,0.3225078582763672,0.0004322528839111328,0.24112963676452637,2.982980251312256,,3.9700543880462646
satellites2-60-fs.mps,0.1981658935546875,0.00039196014404296875,0.10649228096008301,3.999814510345459,,4.574902296066284
savsched1.mps,2.566298007965088,0.004668235778808594,1.5379817485809326,3.49629807472229,,10.81267261505127
sct2.mps,0.04749035835266113,0.00036263465881347656,0.024969816207885742,1.3992383480072021,,1.5294990539550781
seymour.mps,0.0878760814666748,0.0002582073211669922,0.02909541130065918,2.013127565383911,0.16697120666503906,2.3461833000183105
seymour1.mps,0.09468531608581543,0.0003514289855957031,0.02970433235168457,2.4340128898620605,0.16864228248596191,2.7825117111206055
sing326.mps,0.4087369441986084,0.0007271766662597656,0.2316443920135498,3.066103935241699,,4.200309753417969
sing44.mps,0.4188871383666992,0.0009379386901855469,0.310152530670166,3.2469873428344727,,4.5386962890625
snp-02-004-104.mps,0.9170057773590088,0.0015027523040771484,0.38985705375671387,1.6207706928253174,,4.2191407680511475
sorrell3.mps,0.4688267707824707,0.0012295246124267578,0.09658527374267578,1.9387528896331787,,2.7566661834716797
sp150x300d.mps,0.04023909568786621,0.0001952648162841797,0.0014760494232177734,0.04759716987609863,0.010089874267578125,0.10320258140563965
sp97ar.mps,0.1951301097869873,0.00017309188842773438,0.08316206932067871,1.5186426639556885,,1.965670108795166
sp98ar.mps,0.25534915924072266,0.00019407272338867188,0.13129758834838867,1.7631046772003174,,2.3992056846618652
splice1k1.mps,0.9415411949157715,0.000347137451171875,0.6789486408233643,2.253232955932617,,4.828662395477295
square41.mps,7.542224168777466,0.0004973411560058594,4.789356231689453,13.070441007614136,,34.120298624038696
square47.mps,16.297671794891357,0.004662513732910156,8.960617065429688,74.45039176940918,,117.24195528030396
supportcase10.mps,0.8608100414276123,0.007658481597900391,0.20003628730773926,1.9770379066467285,,3.524517774581909
supportcase12.mps,4.564446926116943,0.0016481876373291016,0.7260410785675049,2.3815572261810303,,11.138485670089722
supportcase18.mps,0.04399681091308594,0.00023674964904785156,0.009427547454833984,0.9963603019714355,0.15128350257873535,1.2580230236053467
supportcase19.mps,4.6304826736450195,0.0005590915679931641,1.3976433277130127,3.0407919883728027,,17.925140619277954
supportcase22.mps,1.3641924858093262,0.0022182464599609375,0.7566039562225342,2.1642606258392334,,5.561366319656372
supportcase26.mps,0.07459712028503418,0.00021719932556152344,0.0021784305572509766,0.11693572998046875,0.052227020263671875,0.2510557174682617
supportcase33.mps,0.26528215408325195,0.00026488304138183594,0.06130719184875488,1.740786075592041,,2.2368454933166504
supportcase40.mps,0.15861058235168457,0.0002865791320800781,0.030596494674682617,5.513384819030762,,5.825971841812134
supportcase42.mps,0.3106517791748047,0.0003304481506347656,0.12949490547180176,1.7693607807159424,,2.4562923908233643
supportcase6.mps,0.5520868301391602,0.00022840499877929688,0.17496776580810547,1.6821703910827637,,3.050433874130249
supportcase7.mps,1.4655342102050781,0.0002803802490234375,1.0421452522277832,2.404157876968384,,6.826212644577026
swath1.mps,0.10809755325317383,0.00042748451232910156,0.01236724853515625,1.3479893207550049,0.11447000503540039,1.6129627227783203
swath3.mps,0.12864351272583008,0.00037026405334472656,0.01900768280029297,3.083026170730591,0.17881536483764648,3.5281903743743896
tbfp-network.mps,0.500511884689331,0.0005266666412353516,0.19971561431884766,1.5293982028961182,,2.7358157634735107
thor50dday.mps,0.39946842193603516,0.00043582916259765625,0.05920600891113281,1.9363911151885986,,2.719270944595337
timtab1.mps,0.05929088592529297,0.00040221214294433594,0.0028336048126220703,0.0816643238067627,0.012121915817260742,0.16182470321655273
tr12-30.mps,0.06698465347290039,0.0002913475036621094,0.003206014633178711,0.12135529518127441,0.01850128173828125,0.21768522262573242
traininstance2.mps,0.06105208396911621,0.00019431114196777344,0.011722326278686523,2.0437417030334473,,2.1668519973754883
traininstance6.mps,0.13071084022521973,0.0008025169372558594,0.05890226364135742,2.0962955951690674,,2.380747079849243
trento1.mps,0.1406562328338623,0.0003285408020019531,0.08340644836425781,3.22611403465271,0.2038402557373047,3.7691168785095215
triptim1.mps,0.3619651794433594,0.0005300045013427734,0.14626526832580566,1.6398169994354248,,2.5813615322113037
uccase12.mps,0.4708900451660156,0.001007080078125,0.1241309642791748,1.8482275009155273,,2.809356689453125
uccase9.mps,0.41889405250549316,0.0003905296325683594,0.11961150169372559,1.986356258392334,,2.9508886337280273
uct-subprob.mps,0.06445074081420898,0.00049591064453125,0.013080596923828125,0.5040378570556641,0.08997058868408203,0.6891849040985107
unitcal_7.mps,0.21042418479919434,0.0003333091735839844,0.03403592109680176,1.525949478149414,,1.940659761428833
var-smallemery-m6j6.mps,0.5613183975219727,0.00023603439331054688,0.2833588123321533,2.4050278663635254,,3.670982837677002
wachplan.mps,0.14480805397033691,0.00012493133544921875,0.024744749069213867,2.1635830402374268,0.12401866912841797,2.685248613357544
